Gaia source ID_1,Light curves_1,Spectrum_1,X-ray cat_1,Period(me),Tier_1,Per(lamost),Type,psuperclass,pvarTypes,pPer(gaia-xmatch),pCat,My class,Gaia Var. Class,Simbad Class,period(ztf),sin_dnn,rscvn_dnn,emsms_dnn,ea_dnn,rrlyr_dnn,el_dnn,saw_dnn,bogus_dnn,wuma_dnn,e_dnn,yso_dnn,ceph_dnn,cv_dnn,srv_dnn,fla_dnn,blyr_dnn,wp_dnn,eb_dnn,blher_dnn,hp_dnn,ext_dnn,dip_dnn,rrab_dnn,vnv_dnn,pnp_dnn,wvir_dnn,dp_dnn,bright_dnn,ceph2_dnn,dscu_dnn,bis_dnn,osarg_dnn,rrblz_dnn,i_dnn,puls_dnn,mp_dnn,rrc_dnn,mir_dnn,agn_dnn,longt_dnn,blend_dnn,ew_dnn,lpv_dnn,rrd_dnn,rrd_xgb,wvir_xgb,dp_xgb,blher_xgb,lpv_xgb,agn_xgb,dscu_xgb,puls_xgb,rrc_xgb,mir_xgb,e_xgb,rscvn_xgb,rrlyr_xgb,bis_xgb,emsms_xgb,mp_xgb,ew_xgb,bogus_xgb,ea_xgb,vnv_xgb,pnp_xgb,longt_xgb,dip_xgb,cv_xgb,blend_xgb,ext_xgb,wuma_xgb,srv_xgb,fla_xgb,bright_xgb,el_xgb,ceph_xgb,eb_xgb,wp_xgb,hp_xgb,i_xgb,blyr_xgb,yso_xgb,saw_xgb,ceph2_xgb,rrab_xgb,sin_xgb,osarg_xgb,rrblz_xgb
187219239343050880,"ZTF, ASAS-SN, ATLAS, NEOWISE, TESS",LAMOST-L,-,-,Gold,6.02047,ROT,RAD_VEL_VAR,RAD_VEL_VAR,,LAMOST_RAD_VEL_VAR_TIAN_2020,Puls,Unclassified,-,,,,,,,,,,,,,,,,,,,,,,,,,,,,,,,,,,,,,,,,,,,,,,,,,,,,,,,,,,,,,,,,,,,,,,,,,,,,,,,,,,,,,,,,,
428103652673049728,"ZTF, ASAS-SN, ATLAS, NEOWISE",-,-,-,Bronze,,,,,,,-,RS,Em* (*|Em*),0.7484233860366047,0.01,0.01,0.0,0.0,0.0,0.0,0.0,0.0,0.01,0.02,0.0,0.0,0.0,0.0,0.0,0.0,0.0,0.0,0.0,0.0,0.0,0.0,0.0,0.09,0.06,0.0,0.0,0.0,0.0,0.0,0.01,0.0,0.0,0.0,0.0,0.0,0.0,0.0,0.0,0.0,0.0,0.02,0.0,0.0,0.0,0.0,0.03,0.08,0.0,0.0,0.0,0.0,0.0,0.0,0.01,0.0,0.0,0.0,0.0,0.0,0.01,0.0,0.02,0.09,0.06,0.0,0.0,0.0,0.29,0.0,0.0,0.0,0.07,0.0,0.0,0.0,0.0,0.22,0.0,0.0,0.0,0.0,0.0,0.23,0.0,0.0,0.0,0.33
428103652673049728,,,,,,,,,,,,,,,3.9904424309164344,0.0,0.0,0.0,0.0,0.0,0.0,0.0,0.0,0.01,0.01,0.0,0.0,0.0,0.0,0.0,0.0,0.0,0.0,0.0,0.0,0.0,0.0,0.0,0.04,0.02,0.0,0.0,0.0,0.0,0.0,0.01,0.0,0.0,0.0,0.0,0.0,0.0,0.0,0.0,0.0,0.0,0.01,0.0,0.0,0.0,0.0,0.03,0.08,0.0,0.0,0.0,0.0,0.0,0.0,0.01,0.0,0.0,0.0,0.0,0.0,0.03,0.0,0.02,0.03,0.02,0.0,0.0,0.0,0.29,0.0,0.0,0.0,0.07,0.0,0.0,0.0,0.0,0.22,0.0,0.0,0.0,0.0,0.0,0.23,0.0,0.0,0.0,0.33
460686648965862528,"ZTF, ASAS-SN, ATLAS, NEOWISE",-,-,3.7606215hr,Silver,,,DSCT,DSCT,0.156691,ZTF_PERIODIC_CHEN_2020,DeltaScuti,Unclassified,PulsV*delSct (dS*),,,,,,,,,,,,,,,,,,,,,,,,,,,,,,,,,,,,,,,,,,,,,,,,,,,,,,,,,,,,,,,,,,,,,,,,,,,,,,,,,,,,,,,,,
461193695624775424,"ASAS-SN, NEOWISE, TESS",-,-,-,Bronze,,,,,,,-,BE|GCAS|SDOR|WR,Star (*|NIR),,,,,,,,,,,,,,,,,,,,,,,,,,,,,,,,,,,,,,,,,,,,,,,,,,,,,,,,,,,,,,,,,,,,,,,,,,,,,,,,,,,,,,,,,
473575777103322496,"ASAS-SN, NEOWISE, TESS",GRVS,GALEX,-,Silver,,,,,,,-,RS,-,,,,,,,,,,,,,,,,,,,,,,,,,,,,,,,,,,,,,,,,,,,,,,,,,,,,,,,,,,,,,,,,,,,,,,,,,,,,,,,,,,,,,,,,,
508419369310190976,"ASAS-SN, NEOWISE, TESS",-,-,-,Bronze,,,,,,,Dip?,Unclassified,Em* (*|Em*|NIR),,,,,,,,,,,,,,,,,,,,,,,,,,,,,,,,,,,,,,,,,,,,,,,,,,,,,,,,,,,,,,,,,,,,,,,,,,,,,,,,,,,,,,,,,
512721444765993472,"ZTF, ASAS-SN, NEOWISE, TESS",-,-,-,Bronze,,,,,,,-,Unclassified,Star (*|NIR),,,,,,,,,,,,,,,,,,,,,,,,,,,,,,,,,,,,,,,,,,,,,,,,,,,,,,,,,,,,,,,,,,,,,,,,,,,,,,,,,,,,,,,,,
526939882463713152,"ZTF, ASAS-SN, ATLAS, NEOWISE, TESS",-,-,-,Bronze,,,,,,,Outb,Unclassified,-,1.4983759521300357,0.0,0.07,0.0,0.0,0.01,0.0,0.0,0.01,0.04,0.03,0.0,0.19,0.0,0.0,0.0,0.0,0.02,0.0,0.0,0.0,0.0,0.0,0.0,0.98,0.23,0.0,0.0,0.0,0.0,0.0,0.06,0.0,0.0,0.04,0.25,0.01,0.06,0.0,0.0,0.16,0.0,0.0,0.0,0.0,0.0,0.01,0.03,0.08,0.0,0.0,0.0,0.69,0.0,0.0,0.01,0.0,0.02,0.01,0.0,0.01,0.0,0.01,0.02,0.99,0.43,0.03,0.0,0.0,0.29,0.0,0.0,0.0,0.07,0.01,0.0,0.78,0.0,0.23,0.0,0.04,0.0,0.0,0.01,0.24,0.0,0.0,0.0,0.33
526939882463713152,,,,,,,,,,,,,,,4.002296521913883,0.0,0.01,0.0,0.0,0.02,0.0,0.0,0.0,0.02,0.03,0.0,0.41,0.0,0.0,0.0,0.0,0.02,0.0,0.0,0.0,0.0,0.0,0.0,0.98,0.44,0.0,0.0,0.0,0.0,0.0,0.03,0.0,0.0,0.03,0.44,0.0,0.15,0.0,0.0,0.2,0.0,0.0,0.0,0.0,0.01,0.0,0.03,0.08,0.0,0.0,0.0,0.93,0.0,0.0,0.0,0.0,0.0,0.05,0.0,0.0,0.0,0.01,0.02,0.99,0.66,0.1,0.0,0.0,0.29,0.0,0.0,0.0,0.07,0.0,0.0,0.67,0.0,0.23,0.0,0.04,0.0,0.0,0.0,0.24,0.0,0.0,0.0,0.33
527155253604491392,"ZTF, ASAS-SN, ATLAS, NEOWISE, TESS",GRVS,-,-,Bronze,,,L,L,,ASASSN_VAR_JAYASINGHE_2019,-,Unclassified,Em* (*|Em*),4.99809708762161,0.27,0.34,0.0,0.0,0.0,0.0,0.0,0.01,0.0,0.08,0.0,0.0,0.0,0.01,0.0,0.0,0.01,0.0,0.0,0.0,0.0,0.0,0.0,0.93,0.33,0.0,0.0,0.0,0.0,0.0,0.03,0.0,0.0,0.02,0.45,0.0,0.0,0.0,0.0,0.06,0.01,0.03,0.0,0.0,0.0,0.0,0.03,0.08,0.02,0.0,0.0,0.31,0.0,0.0,0.07,0.01,0.0,0.0,0.0,0.0,0.09,0.0,0.02,0.99,0.63,0.31,0.0,0.0,0.29,0.0,0.0,0.01,0.07,0.0,0.0,0.11,0.0,0.22,0.0,0.02,0.0,0.0,0.0,0.23,0.0,0.18,0.0,0.33
527155253604491392,,,,,,,,,,,,,,,4.001491597989321,0.38,0.0,0.0,0.0,0.0,0.0,0.0,0.02,0.0,0.02,0.0,0.0,0.0,0.0,0.0,0.0,0.01,0.0,0.0,0.0,0.0,0.0,0.0,0.61,0.32,0.0,0.0,0.0,0.0,0.0,0.01,0.0,0.0,0.01,0.95,0.0,0.0,0.0,0.0,0.0,0.01,0.02,0.03,0.0,0.0,0.0,0.03,0.08,0.0,0.0,0.0,0.29,0.0,0.0,0.05,0.0,0.0,0.0,0.0,0.0,0.06,0.01,0.02,0.91,0.17,0.04,0.0,0.0,0.29,0.0,0.0,0.0,0.07,0.02,0.0,0.02,0.0,0.22,0.0,0.01,0.0,0.0,0.0,0.23,0.0,0.12,0.0,0.33
1870955515858422656,"ZTF, ASAS-SN, ATLAS, NEOWISE, TESS",CAFOS,-,46.211840d,Diamond,,,,,,,Ell?,Unclassified,-,,,,,,,,,,,,,,,,,,,,,,,,,,,,,,,,,,,,,,,,,,,,,,,,,,,,,,,,,,,,,,,,,,,,,,,,,,,,,,,,,,,,,,,,,
2002117151282819840,"ASAS-SN, NEOWISE, TESS",-,-,-,Bronze,,,,,,,-,ECL,Em* (*|Em*|NIR),,,,,,,,,,,,,,,,,,,,,,,,,,,,,,,,,,,,,,,,,,,,,,,,,,,,,,,,,,,,,,,,,,,,,,,,,,,,,,,,,,,,,,,,,
2006088484204609408,"ZTF, ASAS-SN, ATLAS, NEOWISE",-,-,2.5960645d,Silver,,,ECL,EA,5.1916,COMP_VAR_VSX_2019,EB,ECL,-,,,,,,,,,,,,,,,,,,,,,,,,,,,,,,,,,,,,,,,,,,,,,,,,,,,,,,,,,,,,,,,,,,,,,,,,,,,,,,,,,,,,,,,,,
2006912396372680960,"ZTF, ASAS-SN, ATLAS, NEOWISE, TESS",-,-,-,Bronze,,,OMIT,OMIT,1488.286255,ATLAS_VAR_HEINZE_2018,Outb,RS,V* (*|MIR|NIR|Opt|V*),,,,,,,,,,,,,,,,,,,,,,,,,,,,,,,,,,,,,,,,,,,,,,,,,,,,,,,,,,,,,,,,,,,,,,,,,,,,,,,,,,,,,,,,,
2007318661608788096,"ZTF, ATLAS, NEOWISE",-,-,-,Bronze,,,SOLAR_LIKE,RS,12.3204231,ZTF_PERIODIC_CHEN_2020,Puls,RS,V* (*|MIR|NIR|Opt|V*),,,,,,,,,,,,,,,,,,,,,,,,,,,,,,,,,,,,,,,,,,,,,,,,,,,,,,,,,,,,,,,,,,,,,,,,,,,,,,,,,,,,,,,,,
2013187240507011456,"ZTF, ASAS-SN, ATLAS, NEOWISE, TESS",CAFOS,-,-,Gold,,,,,,,-,Unclassified,Em* (*|Em*),,,,,,,,,,,,,,,,,,,,,,,,,,,,,,,,,,,,,,,,,,,,,,,,,,,,,,,,,,,,,,,,,,,,,,,,,,,,,,,,,,,,,,,,,
2027563492489195520,"ZTF, ASAS-SN, ATLAS, NEOWISE",-,-,-,Bronze,,,OMIT,OMIT,224.601746,ATLAS_VAR_HEINZE_2018,Outb,Unclassified,V* (*|MIR|NIR|Opt|V*),,,,,,,,,,,,,,,,,,,,,,,,,,,,,,,,,,,,,,,,,,,,,,,,,,,,,,,,,,,,,,,,,,,,,,,,,,,,,,,,,,,,,,,,,
2030965725082217088,"ZTF, ASAS-SN, ATLAS, NEOWISE, TESS",CAFOS,-,-,Gold,,,,,,,"Outb?,Puls?",Unclassified,-,,,,,,,,,,,,,,,,,,,,,,,,,,,,,,,,,,,,,,,,,,,,,,,,,,,,,,,,,,,,,,,,,,,,,,,,,,,,,,,,,,,,,,,,,
2054338249889402880,"ZTF, ASAS-SN, ATLAS, NEOWISE, TESS",-,-,-,Bronze,,,YSO,YSO,,COMP_VAR_VSX_2019,-,Unclassified,Em* (*|Em*),,,,,,,,,,,,,,,,,,,,,,,,,,,,,,,,,,,,,,,,,,,,,,,,,,,,,,,,,,,,,,,,,,,,,,,,,,,,,,,,,,,,,,,,,
2060841448854265216,"ZTF, ASAS-SN, ATLAS, NEOWISE, TESS",CAFOS,-,60.545008d,Diamond,,,ECL,EW,60.7030776,ZTF_PERIODIC_CHEN_2020,EB,Unclassified,V* (*|MIR|NIR|Opt|V*),,,,,,,,,,,,,,,,,,,,,,,,,,,,,,,,,,,,,,,,,,,,,,,,,,,,,,,,,,,,,,,,,,,,,,,,,,,,,,,,,,,,,,,,,
2061252975440642816,"ZTF, ASAS-SN, ATLAS, NEOWISE",-,-,2.139183d,Silver,,,ECL,EA,2.139009,ZTF_PERIODIC_CHEN_2020,EB,ECL,** (*|**|MIR|NIR|Opt|V*),,,,,,,,,,,,,,,,,,,,,,,,,,,,,,,,,,,,,,,,,,,,,,,,,,,,,,,,,,,,,,,,,,,,,,,,,,,,,,,,,,,,,,,,,
2074693061975359232,"ZTF, ASAS-SN, ATLAS, NEOWISE, TESS",CAFOS,-,-,Gold,,,,,,,"Puls?,Wave",RS,Em* (*|Em*),,,,,,,,,,,,,,,,,,,,,,,,,,,,,,,,,,,,,,,,,,,,,,,,,,,,,,,,,,,,,,,,,,,,,,,,,,,,,,,,,,,,,,,,,
2083649030845658624,"ZTF, ATLAS, NEOWISE",-,4XMM-DR13,-,Silver,,,,,,,Puls,Unclassified,-,,,,,,,,,,,,,,,,,,,,,,,,,,,,,,,,,,,,,,,,,,,,,,,,,,,,,,,,,,,,,,,,,,,,,,,,,,,,,,,,,,,,,,,,,
2163542397602876800,"ZTF, ASAS-SN, ATLAS, NEOWISE, TESS",-,-,-,Bronze,,,,,,,-,Unclassified,-,,,,,,,,,,,,,,,,,,,,,,,,,,,,,,,,,,,,,,,,,,,,,,,,,,,,,,,,,,,,,,,,,,,,,,,,,,,,,,,,,,,,,,,,,
2164630463117114496,"ZTF, ASAS-SN, ATLAS, NEOWISE, TESS","CAFOS, GRVS",-,-,Gold,,,,,,,Wave?,RS,Em* (*|Em*),,,,,,,,,,,,,,,,,,,,,,,,,,,,,,,,,,,,,,,,,,,,,,,,,,,,,,,,,,,,,,,,,,,,,,,,,,,,,,,,,,,,,,,,,
2166378312964576256,"ZTF, ASAS-SN, ATLAS, NEOWISE, TESS",CAFOS,-,72.427805d,Diamond,,,ECL,EA,72.5640178,ZTF_PERIODIC_CHEN_2020,EB,Unclassified,Em* (*|Em*|MIR|NIR|Opt|V*),,,,,,,,,,,,,,,,,,,,,,,,,,,,,,,,,,,,,,,,,,,,,,,,,,,,,,,,,,,,,,,,,,,,,,,,,,,,,,,,,,,,,,,,,
2169083008475385856,"ZTF, ASAS-SN, ATLAS, NEOWISE, TESS",-,-,-,Bronze,,,,,,,-,Unclassified,-,,,,,,,,,,,,,,,,,,,,,,,,,,,,,,,,,,,,,,,,,,,,,,,,,,,,,,,,,,,,,,,,,,,,,,,,,,,,,,,,,,,,,,,,,
2173852964799716480,"ZTF, ASAS-SN, ATLAS, NEOWISE, TESS",-,-,-,Bronze,,,,,,,-,Unclassified,-,,,,,,,,,,,,,,,,,,,,,,,,,,,,,,,,,,,,,,,,,,,,,,,,,,,,,,,,,,,,,,,,,,,,,,,,,,,,,,,,,,,,,,,,,
2175699216614191360,"ZTF, ASAS-SN, ATLAS, NEOWISE, TESS",-,-,4.769977d,Silver,,,OMIT,OMIT,61.822647,ATLAS_VAR_HEINZE_2018,"Sin,Puls?,Ell?",Unclassified,Em* (*|Em*),,,,,,,,,,,,,,,,,,,,,,,,,,,,,,,,,,,,,,,,,,,,,,,,,,,,,,,,,,,,,,,,,,,,,,,,,,,,,,,,,,,,,,,,,
2200433413577635840,"ZTF, ASAS-SN, ATLAS, NEOWISE, TESS","CAFOS, LAMOST-M, FIES-M",-,-,Gold,,,,,,,Outb?,LPV,LP*_Candidate (*|Em*|LP?|NIR),,,,,,,,,,,,,,,,,,,,,,,,,,,,,,,,,,,,,,,,,,,,,,,,,,,,,,,,,,,,,,,,,,,,,,,,,,,,,,,,,,,,,,,,,
2206767944881247744,"ZTF, ASAS-SN, ATLAS, NEOWISE, TESS",CAFOS,-,9.250254hr,Diamond,,,,,,,Ell,Unclassified,-,,,,,,,,,,,,,,,,,,,,,,,,,,,,,,,,,,,,,,,,,,,,,,,,,,,,,,,,,,,,,,,,,,,,,,,,,,,,,,,,,,,,,,,,,
2931553674771048704,"ASAS-SN, NEOWISE, TESS",-,-,-,Bronze,,,OMIT,OMIT,,COMP_VAR_VSX_2019,-,Unclassified,Star (*|NIR),,,,,,,,,,,,,,,,,,,,,,,,,,,,,,,,,,,,,,,,,,,,,,,,,,,,,,,,,,,,,,,,,,,,,,,,,,,,,,,,,,,,,,,,,
2934216142176785920,"ASAS-SN, NEOWISE, TESS",-,-,-,Bronze,,,L,L,,ASASSN_VAR_JAYASINGHE_2019,-,LPV,LPV* (*|LP*|NIR|V*|V*?),,,,,,,,,,,,,,,,,,,,,,,,,,,,,,,,,,,,,,,,,,,,,,,,,,,,,,,,,,,,,,,,,,,,,,,,,,,,,,,,,,,,,,,,,
3355776901779440384,"ASAS-SN, NEOWISE, TESS",-,-,-,Bronze,,,,,,,-,BE|GCAS|SDOR|WR,Star (*|NIR|UV),,,,,,,,,,,,,,,,,,,,,,,,,,,,,,,,,,,,,,,,,,,,,,,,,,,,,,,,,,,,,,,,,,,,,,,,,,,,,,,,,,,,,,,,,
3369399099232812160,"ASAS-SN, NEOWISE, TESS",GRVS,-,-,Bronze,,,OMIT,OMIT,554.634521,ATLAS_VAR_HEINZE_2018,-,Unclassified,Star (*|NIR),,,,,,,,,,,,,,,,,,,,,,,,,,,,,,,,,,,,,,,,,,,,,,,,,,,,,,,,,,,,,,,,,,,,,,,,,,,,,,,,,,,,,,,,,
3444168325163139840,"ASAS-SN, NEOWISE, TESS",LAMOST-M,-,-,Silver,,,,,,,Puls?,Unclassified,Em* (*|Em*|NIR|Opt),,,,,,,,,,,,,,,,,,,,,,,,,,,,,,,,,,,,,,,,,,,,,,,,,,,,,,,,,,,,,,,,,,,,,,,,,,,,,,,,,,,,,,,,,
4054010697162430592,"ASAS-SN, NEOWISE, TESS",-,Swift(LSPXS),-,Silver,,,,,,,Puls?,RS,Em* (*|Em*|NIR|SB*),,,,,,,,,,,,,,,,,,,,,,,,,,,,,,,,,,,,,,,,,,,,,,,,,,,,,,,,,,,,,,,,,,,,,,,,,,,,,,,,,,,,,,,,,
4076568861833452160,"ZTF, ASAS-SN, NEOWISE",FIES-M,-,56.90033d,Diamond,,,CEP,CW,28.4589267,ASASSN_VAR_JAYASINGHE_2019,"Ell?,Puls",Unclassified,-,,,,,,,,,,,,,,,,,,,,,,,,,,,,,,,,,,,,,,,,,,,,,,,,,,,,,,,,,,,,,,,,,,,,,,,,,,,,,,,,,,,,,,,,,
4094491141885400576,"ZTF, ASAS-SN, ATLAS, NEOWISE",-,-,-,Bronze,,,,,,,-,LPV,LP*_Candidate (*|IR|LP?|MIR|NIR),,,,,,,,,,,,,,,,,,,,,,,,,,,,,,,,,,,,,,,,,,,,,,,,,,,,,,,,,,,,,,,,,,,,,,,,,,,,,,,,,,,,,,,,,
4096527235637366912,"ASAS-SN, NEOWISE",-,-,-,Bronze,,,GCAS,GCAS,,ASASSN_VAR_JAYASINGHE_2019,Puls?,Unclassified,Star (*|NIR),,,,,,,,,,,,,,,,,,,,,,,,,,,,,,,,,,,,,,,,,,,,,,,,,,,,,,,,,,,,,,,,,,,,,,,,,,,,,,,,,,,,,,,,,
4260141158544875008,"ZTF, ATLAS, NEOWISE",-,-,-,Bronze,,,,,,,-,Unclassified,-,,,,,,,,,,,,,,,,,,,,,,,,,,,,,,,,,,,,,,,,,,,,,,,,,,,,,,,,,,,,,,,,,,,,,,,,,,,,,,,,,,,,,,,,,
4263591911398361472,"ASAS-SN, NEOWISE, TESS",-,-,-,Bronze,,,CST,CST,,HIP_VAR_ESA_1997,-,BE|GCAS|SDOR|WR,Be* (*|Be*|Em*|NIR|UV),,,,,,,,,,,,,,,,,,,,,,,,,,,,,,,,,,,,,,,,,,,,,,,,,,,,,,,,,,,,,,,,,,,,,,,,,,,,,,,,,,,,,,,,,
4271992661242707200,"ZTF, ATLAS, NEOWISE",-,-,-,Bronze,,,LPV,SR,60.732732,ZTF_PERIODIC_CHEN_2020,Puls,Unclassified,LPV* (LP*),,,,,,,,,,,,,,,,,,,,,,,,,,,,,,,,,,,,,,,,,,,,,,,,,,,,,,,,,,,,,,,,,,,,,,,,,,,,,,,,,,,,,,,,,
4272588356022299520,"ZTF, ATLAS, NEOWISE",-,-,-,Bronze,,,,,,,-,Unclassified,-,,,,,,,,,,,,,,,,,,,,,,,,,,,,,,,,,,,,,,,,,,,,,,,,,,,,,,,,,,,,,,,,,,,,,,,,,,,,,,,,,,,,,,,,,
4281886474885416064,"ZTF, ASAS-SN, ATLAS, NEOWISE",-,-,-,Bronze,,,LPV,SR,46.3502548,ZTF_PERIODIC_CHEN_2020,Puls,Unclassified,LPV* (LP*),,,,,,,,,,,,,,,,,,,,,,,,,,,,,,,,,,,,,,,,,,,,,,,,,,,,,,,,,,,,,,,,,,,,,,,,,,,,,,,,,,,,,,,,,
4299904519833646080,"ASAS-SN, NEOWISE, TESS",FIES-M,-,-,Gold,,,OMIT,OMIT,,COMP_VAR_VSX_2019,-,Unclassified,Star (*|NIR),,,,,,,,,,,,,,,,,,,,,,,,,,,,,,,,,,,,,,,,,,,,,,,,,,,,,,,,,,,,,,,,,,,,,,,,,,,,,,,,,,,,,,,,,
4321276689423536384,"ZTF, ASAS-SN, ATLAS, NEOWISE",-,-,-,Bronze,,,,,,,-,LPV,LP*_Candidate (*|LP?|NIR),,,,,,,,,,,,,,,,,,,,,,,,,,,,,,,,,,,,,,,,,,,,,,,,,,,,,,,,,,,,,,,,,,,,,,,,,,,,,,,,,,,,,,,,,
4515124540765147776,"ZTF, ATLAS, NEOWISE, TESS",-,-,-,Bronze,,,,,,,Puls?,LPV,LP*_Candidate (*|C*?|LP?|NIR),,,,,,,,,,,,,,,,,,,,,,,,,,,,,,,,,,,,,,,,,,,,,,,,,,,,,,,,,,,,,,,,,,,,,,,,,,,,,,,,,,,,,,,,,
4519475166529738112,"ZTF, ASAS-SN, ATLAS, NEOWISE, TESS",-,-,-,Bronze,,,OMIT,OMIT,,COMP_VAR_VSX_2019,-,LPV,LP*_Candidate (*|LP?|NIR),,,,,,,,,,,,,,,,,,,,,,,,,,,,,,,,,,,,,,,,,,,,,,,,,,,,,,,,,,,,,,,,,,,,,,,,,,,,,,,,,,,,,,,,,
5311969857556479616,"ASAS-SN, ATLAS, NEOWISE, TESS",-,-,13.7444267d,Silver,,,ECL,EB,13.7452954,ASASSN_VAR_JAYASINGHE_2019,EB,ECL,-,,,,,,,,,,,,,,,,,,,,,,,,,,,,,,,,,,,,,,,,,,,,,,,,,,,,,,,,,,,,,,,,,,,,,,,,,,,,,,,,,,,,,,,,,
5323384162646755712,"ASAS-SN, ATLAS, NEOWISE, TESS",-,-,2.792011d,Silver,,,,,,,"EB,Ell",RS,-,,,,,,,,,,,,,,,,,,,,,,,,,,,,,,,,,,,,,,,,,,,,,,,,,,,,,,,,,,,,,,,,,,,,,,,,,,,,,,,,,,,,,,,,,
5326288831829996416,"ATLAS, NEOWISE, TESS",-,-,-,Bronze,,,,,,,-,Unclassified,-,,,,,,,,,,,,,,,,,,,,,,,,,,,,,,,,,,,,,,,,,,,,,,,,,,,,,,,,,,,,,,,,,,,,,,,,,,,,,,,,,,,,,,,,,
5328449200388495616,"ATLAS, NEOWISE, TESS",-,-,-,Bronze,,,,,,,-,RS,-,,,,,,,,,,,,,,,,,,,,,,,,,,,,,,,,,,,,,,,,,,,,,,,,,,,,,,,,,,,,,,,,,,,,,,,,,,,,,,,,,,,,,,,,,
5338183383022960512,"ATLAS, NEOWISE, TESS",-,-,-,Bronze,,,,,,,-,Unclassified,-,,,,,,,,,,,,,,,,,,,,,,,,,,,,,,,,,,,,,,,,,,,,,,,,,,,,,,,,,,,,,,,,,,,,,,,,,,,,,,,,,,,,,,,,,
5350869719969619840,"ASAS-SN, NEOWISE, TESS",-,-,-,Bronze,,,,,,,-,Unclassified,Em* (*|Em*|NIR),,,,,,,,,,,,,,,,,,,,,,,,,,,,,,,,,,,,,,,,,,,,,,,,,,,,,,,,,,,,,,,,,,,,,,,,,,,,,,,,,,,,,,,,,
5524022735225482624,"ASAS-SN, ATLAS, NEOWISE, TESS",-,-,7.988562d,Silver,,,OMIT,OMIT,,COMP_VAR_VSX_2019,EB,ECL,-,,,,,,,,,,,,,,,,,,,,,,,,,,,,,,,,,,,,,,,,,,,,,,,,,,,,,,,,,,,,,,,,,,,,,,,,,,,,,,,,,,,,,,,,,
5593826360487373696,"ASAS-SN, ATLAS, NEOWISE, TESS",-,-,-,Bronze,,,OMIT,OMIT,,COMP_VAR_VSX_2019,-,Unclassified,V* (*|MIR|NIR|Opt|V*),,,,,,,,,,,,,,,,,,,,,,,,,,,,,,,,,,,,,,,,,,,,,,,,,,,,,,,,,,,,,,,,,,,,,,,,,,,,,,,,,,,,,,,,,
5599309216965305728,"ASAS-SN, NEOWISE, TESS",GRVS,-,-,Bronze,,,OMIT,OMIT,,COMP_VAR_VSX_2019,-,Unclassified,Star (*|NIR),,,,,,,,,,,,,,,,,,,,,,,,,,,,,,,,,,,,,,,,,,,,,,,,,,,,,,,,,,,,,,,,,,,,,,,,,,,,,,,,,,,,,,,,,
5617186348318629248,"ZTF, ASAS-SN, ATLAS, NEOWISE, TESS",-,-,-,Bronze,,,,,,,Puls,RS,-,,,,,,,,,,,,,,,,,,,,,,,,,,,,,,,,,,,,,,,,,,,,,,,,,,,,,,,,,,,,,,,,,,,,,,,,,,,,,,,,,,,,,,,,,
5866345647515558400,"ASAS-SN, ATLAS, NEOWISE, TESS",-,4XMM-DR13,-,Silver,,,,,,,-,Unclassified,-,,,,,,,,,,,,,,,,,,,,,,,,,,,,,,,,,,,,,,,,,,,,,,,,,,,,,,,,,,,,,,,,,,,,,,,,,,,,,,,,,,,,,,,,,
5866474526572151936,"ASAS-SN, NEOWISE, TESS",-,-,-,Bronze,,,OMIT,OMIT,,COMP_VAR_VSX_2019,Outb,RS,-,,,,,,,,,,,,,,,,,,,,,,,,,,,,,,,,,,,,,,,,,,,,,,,,,,,,,,,,,,,,,,,,,,,,,,,,,,,,,,,,,,,,,,,,,
5868425648663616768,"ATLAS, NEOWISE",-,-,-,Bronze,,,,,,,Puls?,Unclassified,-,,,,,,,,,,,,,,,,,,,,,,,,,,,,,,,,,,,,,,,,,,,,,,,,,,,,,,,,,,,,,,,,,,,,,,,,,,,,,,,,,,,,,,,,,
5880159842877908352,"ASAS-SN, ATLAS, NEOWISE, TESS",-,-,63.541328d,Silver,,,,,,,Ell,Unclassified,-,,,,,,,,,,,,,,,,,,,,,,,,,,,,,,,,,,,,,,,,,,,,,,,,,,,,,,,,,,,,,,,,,,,,,,,,,,,,,,,,,,,,,,,,,
5882737819707242240,"ASAS-SN, NEOWISE, TESS",-,-,-,Bronze,,,OMIT,OMIT,,COMP_VAR_VSX_2019,Outb,Unclassified,Star (*|NIR),,,,,,,,,,,,,,,,,,,,,,,,,,,,,,,,,,,,,,,,,,,,,,,,,,,,,,,,,,,,,,,,,,,,,,,,,,,,,,,,,,,,,,,,,
5962956195185292288,"ASAS-SN, ATLAS, NEOWISE, TESS",-,-,-,Bronze,,,OMIT,OMIT,,COMP_VAR_VSX_2019,Puls?,LPV,LPV* (*|C*?|LP*|NIR),,,,,,,,,,,,,,,,,,,,,,,,,,,,,,,,,,,,,,,,,,,,,,,,,,,,,,,,,,,,,,,,,,,,,,,,,,,,,,,,,,,,,,,,,
5965503866703572480,"ASAS-SN, ATLAS, NEOWISE, TESS",-,-,7.321043hr,Silver,,,,,,,Ell,Unclassified,-,,,,,,,,,,,,,,,,,,,,,,,,,,,,,,,,,,,,,,,,,,,,,,,,,,,,,,,,,,,,,,,,,,,,,,,,,,,,,,,,,,,,,,,,,
5966574133883852416,"ATLAS, NEOWISE",-,-,-,Bronze,,,,,,,-,Unclassified,-,,,,,,,,,,,,,,,,,,,,,,,,,,,,,,,,,,,,,,,,,,,,,,,,,,,,,,,,,,,,,,,,,,,,,,,,,,,,,,,,,,,,,,,,,
6052463412400724992,"ZTF, ATLAS, NEOWISE",-,-,-,Bronze,,,,,,,Puls,Unclassified,-,,,,,,,,,,,,,,,,,,,,,,,,,,,,,,,,,,,,,,,,,,,,,,,,,,,,,,,,,,,,,,,,,,,,,,,,,,,,,,,,,,,,,,,,,
6053890788968694656,"ASAS-SN, ATLAS, NEOWISE, TESS",-,-,-,Bronze,,,,,,,-,Unclassified,-,,,,,,,,,,,,,,,,,,,,,,,,,,,,,,,,,,,,,,,,,,,,,,,,,,,,,,,,,,,,,,,,,,,,,,,,,,,,,,,,,,,,,,,,,
6123873398383875456,"ASAS-SN, NEOWISE, TESS","GRVS, HERMES",GALEX,19.0433664hr,Diamond,,,RR,RRC,0.3967395,ASASSN_VAR_JAYASINGHE_2019,Ell,Unclassified,Star (*|NIR),,,,,,,,,,,,,,,,,,,,,,,,,,,,,,,,,,,,,,,,,,,,,,,,,,,,,,,,,,,,,,,,,,,,,,,,,,,,,,,,,,,,,,,,,
6228685649971375616,"ZTF, ASAS-SN, ATLAS, NEOWISE",-,-,1.273980d,Silver,,,ECL,ECL,1.273911,CATALINA_VAR_DRAKE_2017,Ell,Unclassified,EB* (*|EB*|MIR|NIR|Opt|V*),,,,,,,,,,,,,,,,,,,,,,,,,,,,,,,,,,,,,,,,,,,,,,,,,,,,,,,,,,,,,,,,,,,,,,,,,,,,,,,,,,,,,,,,,
